CustomerID,CustomerName,Email,Gender,Age,City,Country
1,Emma Anderson,emma.anderson@example.com,Male,50,London,UK
2,Sarah Brown,sarah.brown@example.com,Female,37,Berlin,Germany
3,Robert Hernandez,robert.hernandez@example.com,Female,26,Paris,France
4,David Garcia,david.garcia@example.com,Male,25,Madrid,Spain
5,Emma Miller,emma.miller@example.com,Female,41,Rome,Italy
6,Daniel Rodriguez,daniel.rodriguez@example.com,Male,31,Amsterdam,Netherlands
7,Laura Miller,laura.miller@example.com,Male,35,Brussels,Belgium
8,James Gonzalez,james.gonzalez@example.com,Female,18,Stockholm,Sweden
9,Emily Thomas,emily.thomas@example.com,Male,29,Zurich,Switzerland
10,Chris Davis,chris.davis@example.com,Female,46,Vienna,Austria
11,Emma Garcia,emma.garcia@example.com,Male,54,NULL,NULL
12,James Lopez,james.lopez@example.com,Female,43,NULL,NULL
13,David Wilson,david.wilson@example.com,Male,50,NULL,NULL
14,Olivia Wilson,olivia.wilson@example.com,Male,60,NULL,NULL
15,Emma Martinez,emma.martinez@example.com,Male,32,NULL,NULL
16,Michael Martinez,michael.martinez@example.com,Male,40,NULL,NULL
17,Daniel Thomas,daniel.thomas@example.com,Female,46,NULL,NULL
18,Robert Lopez,robert.lopez@example.com,Female,38,NULL,NULL
19,Emma Wilson,emma.wilson@example.com,Female,36,NULL,NULL
20,David Johnson,david.johnson@example.com,Male,22,NULL,NULL
21,Olivia Gonzalez,olivia.gonzalez@example.com,Female,40,NULL,NULL
22,Alex Wilson,alex.wilson@example.com,Male,53,NULL,NULL
23,Isabella Garcia,isabella.garcia@example.com,Female,37,NULL,NULL
24,Chris Hernandez,chris.hernandez@example.com,Male,25,NULL,NULL
25,David Anderson,david.anderson@example.com,Male,26,NULL,NULL
26,Isabella Thomas,isabella.thomas@example.com,Male,31,NULL,NULL
27,John Rodriguez,john.rodriguez@example.com,Male,23,NULL,NULL
28,Emily Davis,emily.davis@example.com,Female,18,NULL,NULL
29,Sophia Anderson,sophia.anderson@example.com,Female,26,NULL,NULL
30,Alex Garcia,alex.garcia@example.com,Female,33,NULL,NULL
31,Daniel Jones,daniel.jones@example.com,Male,33,NULL,NULL
32,Laura Anderson,laura.anderson@example.com,Female,29,NULL,NULL
33,David Thomas,david.thomas@example.com,Male,22,NULL,NULL
34,Daniel Miller,daniel.miller@example.com,Male,57,NULL,NULL
35,Robert Rodriguez,robert.rodriguez@example.com,Female,46,NULL,NULL
36,Emma Johnson,emma.johnson@example.com,Female,63,NULL,NULL
37,Olivia Lopez,olivia.lopez@example.com,Female,44,NULL,NULL
38,John Garcia,john.garcia@example.com,Male,28,NULL,NULL
39,Jane Miller,jane.miller@example.com,Female,64,NULL,NULL
40,Olivia Thomas,olivia.thomas@example.com,Female,67,NULL,NULL
41,Laura Wilson,laura.wilson@example.com,Male,45,NULL,NULL
42,John Gonzalez,john.gonzalez@example.com,Female,69,NULL,NULL
43,Olivia Hernandez,olivia.hernandez@example.com,Male,53,NULL,NULL
44,Olivia Brown,olivia.brown@example.com,Female,59,NULL,NULL
45,Sarah Hernandez,sarah.hernandez@example.com,Female,36,NULL,NULL
46,Chris Johnson,chris.johnson@example.com,Male,52,NULL,NULL
47,Sophia Thomas,sophia.thomas@example.com,Male,69,NULL,NULL
48,Alex Gonzalez,alex.gonzalez@example.com,Female,48,NULL,NULL
49,Michael Smith,michael.smith@example.com,Female,61,NULL,NULL
50,Olivia Miller,olivia.miller@example.com,Male,36,NULL,NULL
51,Michael Davis,michael.davis@example.com,Female,63,NULL,NULL
52,Robert Williams,robert.williams@example.com,Female,41,NULL,NULL
53,Emma Thomas,emma.thomas@example.com,Female,19,NULL,NULL
54,Michael Gonzalez,michael.gonzalez@example.com,Female,24,NULL,NULL
55,Emily Lopez,emily.lopez@example.com,Female,60,NULL,NULL
56,Sophia Davis,sophia.davis@example.com,Female,66,NULL,NULL
57,James Rodriguez,james.rodriguez@example.com,Male,48,NULL,NULL
58,Jane Williams,jane.williams@example.com,Male,34,NULL,NULL
59,James Smith,james.smith@example.com,Female,44,NULL,NULL
60,John Thomas,john.thomas@example.com,Male,53,NULL,NULL
61,Emma Rodriguez,emma.rodriguez@example.com,Female,67,NULL,NULL
62,Michael Hernandez,michael.hernandez@example.com,Male,60,NULL,NULL
63,John Davis,john.davis@example.com,Male,27,NULL,NULL
64,Sarah Martinez,sarah.martinez@example.com,Female,62,NULL,NULL
65,Olivia Rodriguez,olivia.rodriguez@example.com,Female,31,NULL,NULL
66,Isabella Martinez,isabella.martinez@example.com,Female,24,NULL,NULL
67,Alex Johnson,alex.johnson@example.com,Female,56,NULL,NULL
68,David Gonzalez,david.gonzalez@example.com,Female,57,NULL,NULL
69,Emma Gonzalez,emma.gonzalez@example.com,Male,26,NULL,NULL
70,James Garcia,james.garcia@example.com,Female,31,NULL,NULL
71,Isabella Miller,isabella.miller@example.com,Female,25,NULL,NULL
72,Sophia Miller,sophia.miller@example.com,Female,34,NULL,NULL
73,Sarah Gonzalez,sarah.gonzalez@example.com,Male,40,NULL,NULL
74,Jane Smith,jane.smith@example.com,Male,33,NULL,NULL
75,David Smith,david.smith@example.com,Female,43,NULL,NULL
76,Michael Lopez,michael.lopez@example.com,Female,26,NULL,NULL
77,David Lopez,david.lopez@example.com,Male,53,NULL,NULL
78,Olivia Smith,olivia.smith@example.com,Female,24,NULL,NULL
79,John Jones,john.jones@example.com,Female,35,NULL,NULL
80,Laura Jones,laura.jones@example.com,Female,25,NULL,NULL
81,Emily Wilson,emily.wilson@example.com,Male,38,NULL,NULL
82,Laura Gonzalez,laura.gonzalez@example.com,Male,43,NULL,NULL
83,Emily Jones,emily.jones@example.com,Male,20,NULL,NULL
84,Michael Williams,michael.williams@example.com,Female,34,NULL,NULL
85,Jane Hernandez,jane.hernandez@example.com,Male,68,NULL,NULL
86,James Hernandez,james.hernandez@example.com,Male,63,NULL,NULL
87,Emma Hernandez,emma.hernandez@example.com,Male,41,NULL,NULL
88,James Brown,james.brown@example.com,Male,42,NULL,NULL
89,Alex Rodriguez,alex.rodriguez@example.com,Male,22,NULL,NULL
90,John Wilson,john.wilson@example.com,Male,54,NULL,NULL
91,John Brown,john.brown@example.com,Female,62,NULL,NULL
92,David Hernandez,david.hernandez@example.com,Female,67,NULL,NULL
93,Jane Rodriguez,jane.rodriguez@example.com,Female,41,NULL,NULL
94,Jane Anderson,jane.anderson@example.com,Male,48,NULL,NULL
95,James Jones,james.jones@example.com,Male,43,NULL,NULL
96,Emily Gonzalez,emily.gonzalez@example.com,Female,38,NULL,NULL
97,Emily Rodriguez,emily.rodriguez@example.com,Female,51,NULL,NULL
98,Chris Lopez,chris.lopez@example.com,Female,55,NULL,NULL
99,Laura Hernandez,laura.hernandez@example.com,Male,41,NULL,NULL
100,Jane Brown,jane.brown@example.com,Female,45,NULL,NULL
